POS|CAL_SHIFTED|LUANG|DWI|TRI|CAT|PAN|SAD|SAP|AST|SNG|DAS
0|1|F|1|1|3|1|1|1|3|1|1
1|2|T|2|2|4|2|2|2|4|2|4
2|3|F|1|3|1|3|3|3|5|3|1
3|4|T|2|1|2|4|4|4|6|4|2
4|5|F|1|2|3|5|5|5|7|5|7
5|6|T|2|3|4|1|6|6|8|6|2
6|7|F|1|1|1|2|1|7|1|7|9
7|8|F|1|2|2|3|2|1|2|8|3
8|9|F|1|3|3|4|3|2|3|9|9
9|10|T|2|1|4|5|4|3|4|1|2
10|11|F|1|2|1|1|5|4|5|2|3
11|12|T|2|3|2|2|6|5|6|3|8
12|13|T|2|1|3|3|1|6|7|4|4
13|14|T|2|2|4|4|2|7|8|5|4
14|15|T|2|3|1|5|3|1|1|6|4
15|16|T|2|1|2|1|4|2|2|7|0
16|17|F|1|2|3|2|5|3|3|8|3
17|18|F|1|3|4|3|6|4|4|9|5
18|19|F|1|1|1|4|1|5|5|1|3
19|20|F|1|2|2|5|2|6|6|2|5
20|21|F|1|3|3|1|3|7|7|3|5
21|22|F|1|1|4|2|4|1|8|4|5
22|23|T|2|2|1|3|5|2|1|5|2
23|24|T|2|3|2|4|6|3|2|6|8
24|25|T|2|1|3|5|1|4|3|7|6
25|26|T|2|2|4|1|2|5|4|8|4
26|27|T|2|3|1|2|3|6|5|9|6
27|28|F|1|1|2|3|4|7|6|1|7
28|29|T|2|2|3|4|5|1|7|2|0
29|30|F|1|3|4|5|6|2|8|3|3
30|31|F|1|1|1|1|1|3|1|4|9
31|32|F|1|2|2|2|2|4|2|5|7
32|33|T|2|3|3|3|3|5|3|6|6
33|34|F|1|1|4|4|4|6|4|7|1
34|35|T|2|2|1|5|5|7|5|8|8
35|36|F|1|3|2|1|6|1|6|9|1
36|37|T|2|1|3|2|1|2|7|1|4
37|38|F|1|2|4|3|2|3|8|2|1
38|39|T|2|3|1|4|3|4|1|3|2
39|40|F|1|1|2|5|4|5|2|4|7
40|41|T|2|2|3|1|5|6|3|5|2
41|42|F|1|3|4|2|6|7|4|6|9
42|43|F|1|1|1|3|1|1|5|7|3
43|44|F|1|2|2|4|2|2|6|8|9
44|45|T|2|3|3|5|3|3|7|9|2
45|46|F|1|1|4|1|4|4|8|1|3
46|47|T|2|2|1|2|5|5|1|2|8
47|48|T|2|3|2|3|6|6|2|3|4
48|49|T|2|1|3|4|1|7|3|4|4
49|50|T|2|2|4|5|2|1|4|5|4
50|51|T|2|3|1|1|3|2|5|6|0
51|52|F|1|1|2|2|4|3|6|7|3
52|53|F|1|2|3|3|5|4|7|8|5
53|54|F|1|3|4|4|6|5|8|9|3
54|55|F|1|1|1|5|1|6|1|1|5
55|56|F|1|2|2|1|2|7|2|2|5
56|57|F|1|3|3|2|3|1|3|3|5
57|58|T|2|1|4|3|4|2|4|4|2
58|59|T|2|2|1|4|5|3|5|5|8
59|60|T|2|3|2|5|6|4|6|6|6
60|61|T|2|1|3|1|1|5|7|7|4
61|62|T|2|2|4|2|2|6|8|8|6
62|63|F|1|3|1|3|3|7|1|9|7
63|64|T|2|1|2|4|4|1|2|1|0
64|65|F|1|2|3|5|5|2|3|2|3
65|66|F|1|3|4|1|6|3|4|3|9
66|67|F|1|1|1|2|1|4|5|4|7
67|68|T|2|2|2|3|2|5|6|5|6
68|69|F|1|3|3|4|3|6|7|6|1
69|70|T|2|1|4|5|4|7|8|7|8
70|71|F|1|2|1|1|5|1|1|8|1
71|72|T|2|3|2|2|6|2|2|9|4
72|73|F|1|1|3|3|1|3|3|1|1
73|74|T|2|2|4|4|2|4|4|2|2
74|75|F|1|3|1|5|3|5|5|3|7
75|76|T|2|1|2|1|4|6|6|4|2
76|77|F|1|2|3|2|5|7|7|5|9
77|78|F|1|3|4|3|6|1|8|6|3
78|79|F|1|1|1|4|1|2|1|7|9
79|80|T|2|2|2|5|2|3|2|8|2
80|81|F|1|3|3|1|3|4|3|9|3
81|82|T|2|1|4|2|4|5|4|1|8
82|83|T|2|2|1|3|5|6|5|2|4
83|84|T|2|3|2|4|6|7|6|3|4
84|85|T|2|1|3|5|1|1|7|4|4
85|86|T|2|2|4|1|2|2|8|5|0
86|87|F|1|3|1|2|3|3|1|6|3
87|88|F|1|1|2|3|4|4|2|7|5
88|89|F|1|2|3|4|5|5|3|8|3
89|90|F|1|3|4|5|6|6|4|9|5
90|91|F|1|1|1|1|1|7|5|1|5
91|92|F|1|2|2|2|2|1|6|2|5
92|93|T|2|3|3|3|3|2|7|3|2
93|94|T|2|1|4|4|4|3|8|4|8
94|95|T|2|2|1|5|5|4|1|5|6
95|96|T|2|3|2|1|6|5|2|6|4
96|97|T|2|1|3|2|1|6|3|7|6
97|98|F|1|2|4|3|2|7|4|8|7
98|99|T|2|3|1|4|3|1|5|9|0
99|100|F|1|1|2|5|4|2|6|1|3
100|101|F|1|2|3|1|5|3|7|2|9
101|102|F|1|3|4|2|6|4|8|3|7
102|103|T|2|1|1|3|1|5|1|4|6
103|104|F|1|2|2|4|2|6|2|5|1
104|105|T|2|3|3|5|3|7|3|6|8
105|106|F|1|1|4|1|4|1|4|7|1
106|107|T|2|2|1|2|5|2|5|8|4
107|108|F|1|3|2|3|6|3|6|9|1
108|109|T|2|1|3|4|1|4|7|1|2
109|110|F|1|2|4|5|2|5|8|2|7
110|111|T|2|3|1|1|3|6|1|3|2
111|112|F|1|1|2|2|4|7|2|4|9
112|113|F|1|2|3|3|5|1|3|5|3
113|114|F|1|3|4|4|6|2|4|6|9
114|115|T|2|1|1|5|1|3|5|7|2
115|116|F|1|2|2|1|2|4|6|8|3
116|117|T|2|3|3|2|3|5|7|9|8
117|118|T|2|1|4|3|4|6|8|1|4
118|119|T|2|2|1|4|5|7|1|2|4
119|120|T|2|3|2|5|6|1|2|3|4
120|121|T|2|1|3|1|1|2|3|4|0
121|122|F|1|2|4|2|2|3|4|5|3
122|123|F|1|3|1|3|3|4|5|6|5
123|124|F|1|1|2|4|4|5|6|7|3
124|125|F|1|2|3|5|5|6|7|8|5
125|126|F|1|3|4|1|6|7|8|9|5
126|127|F|1|1|1|2|1|1|1|1|5
127|128|T|2|2|2|3|2|2|2|1|2
128|129|T|2|3|3|4|3|3|3|1|8
129|130|T|2|1|4|5|4|4|4|1|6
130|131|T|2|2|1|1|5|5|5|2|4
131|132|T|2|3|2|2|6|6|6|3|6
132|133|F|1|1|3|3|1|7|7|4|7
133|134|T|2|2|4|4|2|1|8|5|0
134|135|F|1|3|1|5|3|2|1|6|3
135|136|F|1|1|2|1|4|3|2|7|9
136|137|F|1|2|3|2|5|4|3|8|7
137|138|T|2|3|4|3|6|5|4|9|6
138|139|F|1|1|1|4|1|6|5|1|1
139|140|T|2|2|2|5|2|7|6|2|8
140|141|F|1|3|3|1|3|1|7|3|1
141|142|T|2|1|4|2|4|2|8|4|4
142|143|F|1|2|1|3|5|3|1|5|1
143|144|T|2|3|2|4|6|4|2|6|2
144|145|F|1|1|3|5|1|5|3|7|7
145|146|T|2|2|4|1|2|6|4|8|2
146|147|F|1|3|1|2|3|7|5|9|9
147|148|F|1|1|2|3|4|1|6|1|3
148|149|F|1|2|3|4|5|2|7|2|9
149|150|T|2|3|4|5|6|3|8|3|2
150|151|F|1|1|1|1|1|4|1|4|3
151|152|T|2|2|2|2|2|5|2|5|8
152|153|T|2|3|3|3|3|6|3|6|4
153|154|T|2|1|4|4|4|7|4|7|4
154|155|T|2|2|1|5|5|1|5|8|4
155|156|T|2|3|2|1|6|2|6|9|0
156|157|F|1|1|3|2|1|3|7|1|3
157|158|F|1|2|4|3|2|4|8|2|5
158|159|F|1|3|1|4|3|5|1|3|3
159|160|F|1|1|2|5|4|6|2|4|5
160|161|F|1|2|3|1|5|7|3|5|5
161|162|F|1|3|4|2|6|1|4|6|5
162|163|T|2|1|1|3|1|2|5|7|2
163|164|T|2|2|2|4|2|3|6|8|8
164|165|T|2|3|3|5|3|4|7|9|6
165|166|T|2|1|4|1|4|5|8|1|4
166|167|T|2|2|1|2|5|6|1|2|6
167|168|F|1|3|2|3|6|7|2|3|7
168|169|T|2|1|3|4|1|1|3|4|0
169|170|F|1|2|4|5|2|2|4|5|3
170|171|F|1|3|1|1|3|3|5|6|9
171|172|F|1|1|2|2|4|4|6|7|7
172|173|T|2|2|3|3|5|5|7|8|6
173|174|F|1|3|4|4|6|6|8|9|1
174|175|T|2|1|1|5|1|7|1|1|8
175|176|F|1|2|2|1|2|1|2|2|1
176|177|T|2|3|3|2|3|2|3|3|4
177|178|F|1|1|4|3|4|3|4|4|1
178|179|T|2|2|1|4|5|4|5|5|2
179|180|F|1|3|2|5|6|5|6|6|7
180|181|T|2|1|3|1|1|6|7|7|2
181|182|F|1|2|4|2|2|7|8|8|9
182|183|F|1|3|1|3|3|1|1|9|3
183|184|F|1|1|2|4|4|2|2|1|9
184|185|T|2|2|3|5|5|3|3|2|2
185|186|F|1|3|4|1|6|4|4|3|3
186|187|T|2|1|1|2|1|5|5|4|8
187|188|T|2|2|2|3|2|6|6|5|4
188|189|T|2|3|3|4|3|7|7|6|4
189|190|T|2|1|4|5|4|1|8|7|4
190|191|T|2|2|1|1|5|2|1|8|0
191|192|F|1|3|2|2|6|3|2|9|3
192|193|F|1|1|3|3|1|4|3|1|5
193|194|F|1|2|4|4|2|5|4|2|3
194|195|F|1|3|1|5|3|6|5|3|5
195|196|F|1|1|2|1|4|7|6|4|5
196|197|F|1|2|3|2|5|1|7|5|5
197|198|T|2|3|3|3|6|2|7|6|2
198|199|T|2|1|3|4|1|3|7|7|8
199|200|T|2|2|4|5|2|4|8|8|6
200|201|T|2|3|1|1|3|5|1|9|4
201|202|T|2|1|2|2|4|6|2|1|6
202|203|F|1|2|3|3|5|7|3|2|7
203|204|T|2|3|4|4|6|1|4|3|0
204|205|F|1|1|1|5|1|2|5|4|3
205|206|F|1|2|2|1|2|3|6|5|9
206|207|F|1|3|3|2|3|4|7|6|7
207|208|T|2|1|4|3|4|5|8|7|6
208|209|F|1|2|1|4|5|6|1|8|1
209|210|T|2|3|2|5|6|7|2|9|8
